<?xml version="1.0"?>
<doc>
    <assembly>
        <name>LibreMetaverse.StructuredData</name>
    </assembly>
    <members>
        <member name="T:OpenMetaverse.StructuredData.OSDParser">
            <summary>
            
            </summary>
            <summary>
            
            </summary>
            <summary>
            
            </summary>
        </member>
        <member name="M:OpenMetaverse.StructuredData.OSDParser.DeserializeLLSDBinary(System.Byte[])">
            <summary>
            Deserializes binary LLSD
            </summary>
            <param name="binaryData">Serialized data</param>
            <returns>OSD containting deserialized data</returns>
        </member>
        <member name="M:OpenMetaverse.StructuredData.OSDParser.DeserializeLLSDBinary(System.IO.Stream)">
            <summary>
            Deserializes binary LLSD
            </summary>
            <param name="stream">Stream to read the data from</param>
            <returns>OSD containting deserialized data</returns>
        </member>
        <member name="M:OpenMetaverse.StructuredData.OSDParser.SerializeLLSDBinary(OpenMetaverse.StructuredData.OSD)">
            <summary>
            Serializes OSD to binary format. It does no prepend header
            </summary>
            <param name="osd">OSD to serialize</param>
            <returns>Serialized data</returns>
        </member>
        <member name="M:OpenMetaverse.StructuredData.OSDParser.SerializeLLSDBinary(OpenMetaverse.StructuredData.OSD,System.Boolean)">
            <summary>
            Serializes OSD to binary format
            </summary>
            <param name="osd">OSD to serialize</param>
            <param name="prependHeader"></param>
            <returns>Serialized data</returns>
        </member>
        <member name="M:OpenMetaverse.StructuredData.OSDParser.SerializeLLSDBinaryStream(OpenMetaverse.StructuredData.OSD)">
            <summary>
            Serializes OSD to binary format. It does no prepend header
            </summary>
            <param name="data">OSD to serialize</param>
            <returns>Serialized data</returns>
        </member>
        <member name="M:OpenMetaverse.StructuredData.OSDParser.SerializeLLSDBinaryStream(OpenMetaverse.StructuredData.OSD,System.Boolean)">
            <summary>
            Serializes OSD to binary format
            </summary>
            <param name="data">OSD to serialize</param>
            <param name="prependHeader"></param>
            <returns>Serialized data</returns>
        </member>
        <member name="M:OpenMetaverse.StructuredData.OSDParser.SkipWhiteSpace(System.IO.Stream)">
            <summary>
            
            </summary>
            <param name="stream"></param>
        </member>
        <member name="M:OpenMetaverse.StructuredData.OSDParser.FindByte(System.IO.Stream,System.Byte)">
            <summary>
            
            </summary>
            <param name="stream"></param>
            <param name="toFind"></param>
            <returns></returns>
        </member>
        <member name="M:OpenMetaverse.StructuredData.OSDParser.FindString(System.IO.Stream,System.String)">
            <summary>
            
            </summary>
            <param name="stream"></param>
            <param name="toFind"></param>
            <returns></returns>
        </member>
        <member name="M:OpenMetaverse.StructuredData.OSDParser.ConsumeBytes(System.IO.Stream,System.Int32)">
            <summary>
            
            </summary>
            <param name="stream"></param>
            <param name="consumeBytes"></param>
            <returns></returns>
        </member>
        <member name="M:OpenMetaverse.StructuredData.OSDParser.NetworkToHostInt(System.Byte[])">
            <summary>
            
            </summary>
            <param name="binaryNetEnd"></param>
            <returns></returns>
        </member>
        <member name="M:OpenMetaverse.StructuredData.OSDParser.NetworkToHostDouble(System.Byte[])">
            <summary>
            
            </summary>
            <param name="binaryNetEnd"></param>
            <returns></returns>
        </member>
        <member name="M:OpenMetaverse.StructuredData.OSDParser.HostToNetworkIntBytes(System.Int32)">
            <summary>
            
            </summary>
            <param name="intHostEnd"></param>
            <returns></returns>   
        </member>
        <member name="M:OpenMetaverse.StructuredData.OSDParser.DeserializeLLSDNotationElement(System.IO.StringReader)">
            <summary>
            
            </summary>
            <param name="reader"></param>
            <returns></returns>
        </member>
        <member name="M:OpenMetaverse.StructuredData.OSDParser.PeekAndSkipWhitespace(System.IO.StringReader)">
            <summary>
            
            </summary>
            <param name="reader"></param>
            <returns></returns>
        </member>
        <member name="M:OpenMetaverse.StructuredData.OSDParser.ReadAndSkipWhitespace(System.IO.StringReader)">
            <summary>
            
            </summary>
            <param name="reader"></param>
            <returns></returns>
        </member>
        <member name="M:OpenMetaverse.StructuredData.OSDParser.GetLengthInBrackets(System.IO.StringReader)">
            <summary>
            
            </summary>
            <param name="reader"></param>
            <returns></returns>
        </member>
        <member name="M:OpenMetaverse.StructuredData.OSDParser.GetStringDelimitedBy(System.IO.StringReader,System.Char)">
            <summary>
            
            </summary>
            <param name="reader"></param>
            <param name="delimiter"></param>
            <returns></returns>
        </member>
        <member name="M:OpenMetaverse.StructuredData.OSDParser.BufferCharactersEqual(System.IO.StringReader,System.Char[],System.Int32)">
            <summary>
            
            </summary>
            <param name="reader"></param>
            <param name="buffer"></param>
            <param name="offset"></param>
            <returns></returns>
        </member>
        <member name="M:OpenMetaverse.StructuredData.OSDParser.UnescapeCharacter(System.String,System.Char)">
            <summary>
            
            </summary>
            <param name="s"></param>
            <param name="c"></param>
            <returns></returns>
        </member>
        <member name="M:OpenMetaverse.StructuredData.OSDParser.EscapeCharacter(System.String,System.Char)">
            <summary>
            
            </summary>
            <param name="s"></param>
            <param name="c"></param>
            <returns></returns>
        </member>
        <member name="M:OpenMetaverse.StructuredData.OSDParser.DeserializeLLSDXml(System.IO.Stream)">
            <summary>
            Deserialize LLSD/XML stream
            </summary>
            <param name="xmlStream">a <see cref="T:System.IO.Stream" /> containing the serialized data</param>
            <returns></returns>
        </member>
        <member name="M:OpenMetaverse.StructuredData.OSDParser.DeserializeLLSDXml(System.Byte[])">
            <summary>
            Deserialize LLSD/XML stream
            </summary>
            <param name="xmlData">Data as a byte array</param>
            <returns></returns>
        </member>
        <member name="M:OpenMetaverse.StructuredData.OSDParser.DeserializeLLSDXml(System.String)">
            <summary>
            Deserialize LLSD/XML stream
            </summary>
            <param name="xmlData">Serialized data as a <see cref="T:System.String" /></param>
            <returns></returns>
        </member>
        <member name="M:OpenMetaverse.StructuredData.OSDParser.DeserializeLLSDXml(System.Xml.XmlReader)">
            <summary>
            Deserialize LLSD/XML stream
            </summary>
            <param name="xmlData">Serialized data as a <see cref="T:System.Xml.XmlReader" /></param>
            <returns></returns>
        </member>
        <member name="M:OpenMetaverse.StructuredData.OSDParser.SerializeLLSDXmlBytes(OpenMetaverse.StructuredData.OSD)">
            <summary>
            Serialize an OSD object in LLSD/XML
            </summary>
            <param name="data">OSD object to serialize</param>
            <returns>Serialized data as a byte aray</returns>
        </member>
        <member name="M:OpenMetaverse.StructuredData.OSDParser.SerializeLLSDXmlString(OpenMetaverse.StructuredData.OSD)">
            <summary>
            
            </summary>
            <param name="data"></param>
            <returns></returns>
        </member>
        <member name="M:OpenMetaverse.StructuredData.OSDParser.SerializeLLSDXmlElement(System.Xml.XmlWriter,OpenMetaverse.StructuredData.OSD)">
            <summary>
            
            </summary>
            <param name="writer"></param>
            <param name="data"></param>
        </member>
        <member name="M:OpenMetaverse.StructuredData.OSDParser.ParseLLSDXmlElement(System.Xml.XmlReader)">
            <summary>
            
            </summary>
            <param name="reader"></param>
            <returns></returns>
        </member>
        <member name="T:OpenMetaverse.StructuredData.OSDException">
            <inheritdoc />
            <summary>
            OSD Exception
            </summary>
        </member>
        <member name="T:OpenMetaverse.StructuredData.OSD">
            <summary>
            OSD element base class
            </summary>
        </member>
        <member name="M:OpenMetaverse.StructuredData.OSD.SerializeMembers(System.Object)">
            <summary>
            Uses reflection to create an SDMap from all of the SD
            serializable types in an object
            </summary>
            <param name="obj">Class or struct containing serializable types</param>
            <returns>An SDMap holding the serialized values from the
            container object</returns>
        </member>
        <member name="M:OpenMetaverse.StructuredData.OSD.DeserializeMembers(System.Object@,OpenMetaverse.StructuredData.OSDMap)">
            <summary>
            Uses reflection to deserialize member variables in an object from
            an SDMap
            </summary>
            <param name="obj">Reference to an object to fill with deserialized
            values</param>
            <param name="serialized">Serialized values to put in the target
            object</param>
        </member>
        <member name="T:OpenMetaverse.StructuredData.OSDBoolean">
            <summary>
            OSD Boolean Element
            </summary>
        </member>
        <member name="T:OpenMetaverse.StructuredData.OSDInteger">
            <summary>
            OSD Integer Element
            </summary>
        </member>
        <member name="T:OpenMetaverse.StructuredData.OSDReal">
            <summary>
            OSD Floating point Element
            </summary>
        </member>
        <member name="T:OpenMetaverse.StructuredData.OSDLlsdXml">
            <summary>
            OSD LLSD-XML Element
            </summary>
        </member>
        <member name="T:OpenMetaverse.StructuredData.OSDString">
            <summary>
            OSD String Element
            </summary>
        </member>
        <member name="T:OpenMetaverse.StructuredData.OSDUUID">
            <summary>
            OSD UUID Element
            </summary>
        </member>
        <member name="T:OpenMetaverse.StructuredData.OSDDate">
            <summary>
            OSD DateTime Element
            </summary>
        </member>
        <member name="T:OpenMetaverse.StructuredData.OSDUri">
            <summary>
            OSD Uri Element
            </summary>
        </member>
        <member name="T:OpenMetaverse.StructuredData.OSDBinary">
            <summary>
            OSD Binary Element
            </summary>
        </member>
        <member name="T:OpenMetaverse.StructuredData.OSDMap">
            <summary>
            OSD Map Element
            </summary>
        </member>
        <member name="T:OpenMetaverse.StructuredData.OSDArray">
            <summary>
            OSD Array Element
            </summary>
        </member>
    </members>
</doc>
